,url
0,https://www.forsaleutahrealestate.com/homes/421-E-790-S/Pleasant-Grove/UT/84062/113982427/
1,https://www.forsaleutahrealestate.com/homes/310-N-Sunrise-Dr/Alpine/UT/84004/113982424/
2,https://www.forsaleutahrealestate.com/homes/1408-N-3250-W/Provo/UT/84601/113961436/
3,https://www.forsaleutahrealestate.com/homes/8212-N-Cedar-Springs-Rd/Eagle-Mountain/UT/84005/113961418/
4,https://www.forsaleutahrealestate.com/homes/7639-N-Sparrowhawk-Way-E/Eagle-Mountain/UT/84005/113961427/
5,https://www.forsaleutahrealestate.com/homes/2402-E-1370-S/Spanish-Fork/UT/84660/113961428/
6,https://www.forsaleutahrealestate.com/homes/7939-Dundee-Dr/Eagle-Mountain/UT/84005/113961425/
7,https://www.forsaleutahrealestate.com/homes/605-S-1810-W/Orem/UT/84059/113959944/
8,https://www.forsaleutahrealestate.com/homes/1681-W-800-N/Pleasant-Grove/UT/84062/113959935/
9,https://www.forsaleutahrealestate.com/homes/366-S-780-E/American-Fork/UT/84003/113959939/
10,https://www.forsaleutahrealestate.com/homes/1072-N-2000-W/Pleasant-Grove/UT/84062/113959148/
11,https://www.forsaleutahrealestate.com/homes/44-E-400-N/Lehi/UT/84043/113959141/
12,https://www.forsaleutahrealestate.com/homes/8456-N-Orrin-Cir/Eagle-Mountain/UT/84005/113959138/
13,https://www.forsaleutahrealestate.com/homes/906-Black-Hawk/Payson/UT/84651/113956938/
14,https://www.forsaleutahrealestate.com/homes/535-E-500-N/Orem/UT/84097/113955441/
15,https://www.forsaleutahrealestate.com/homes/799-E-820-S/Pleasant-Grove/UT/84062/113955435/
16,https://www.forsaleutahrealestate.com/homes/6648-N-Unity-Way/Eagle-Mountain/UT/84005/113953053/
17,https://www.forsaleutahrealestate.com/homes/2203-Unity-Way/Eagle-Mountain/UT/84005/113953047/
18,https://www.forsaleutahrealestate.com/homes/6626-N-Unity-Way/Eagle-Mountain/UT/84005/113953056/
19,https://www.forsaleutahrealestate.com/homes/1034-E-380-Cir-N/American-Fork/UT/84003/113953035/
20,https://www.forsaleutahrealestate.com/homes/323-W-2600-N/Lehi/UT/84043/113950567/
21,https://www.forsaleutahrealestate.com/homes/1297-S-1430-E/Provo/UT/84606/113947704/
22,https://www.forsaleutahrealestate.com/homes/1202-S-2910-E/Spanish-Fork/UT/84660/113947625/
23,https://www.forsaleutahrealestate.com/homes/1400-W-444-N/Springville/UT/84663/113947721/
24,https://www.forsaleutahrealestate.com/homes/1335-W-585-S/Lehi/UT/84043/113947703/
25,https://www.forsaleutahrealestate.com/homes/367-W-800-N/Lindon/UT/84042/113947621/
26,https://www.forsaleutahrealestate.com/homes/373-W-800-N/Lindon/UT/84042/113947620/
27,https://www.forsaleutahrealestate.com/homes/2008-N-Churchill-Rd/Saratoga-Springs/UT/84045/113947851/
28,https://www.forsaleutahrealestate.com/homes/1783-N-3870-W/Lehi/UT/84043/113947730/
29,https://www.forsaleutahrealestate.com/homes/2225-S-State-St/Provo/UT/84606/113947785/
30,https://www.forsaleutahrealestate.com/homes/34-E-Legacy-Pkwy-S/Saratoga-Springs/UT/84045/113947744/
31,https://www.forsaleutahrealestate.com/homes/1335-W-585-S/Lehi/UT/84043/113947703/
32,https://www.forsaleutahrealestate.com/homes/880-Sunset-Dr/Santaquin/UT/84655/113947628/
33,https://www.forsaleutahrealestate.com/homes/7666-N-Ansley-Ln/Eagle-Mountain/UT/84005/113947791/
34,https://www.forsaleutahrealestate.com/homes/572-E-200-N/Payson/UT/84651/113947793/
35,https://www.forsaleutahrealestate.com/homes/1202-S-2910-E/Spanish-Fork/UT/84660/113947625/
36,https://www.forsaleutahrealestate.com/homes/367-W-800-N/Lindon/UT/84042/113947621/
37,https://www.forsaleutahrealestate.com/homes/2225-S-State-St/Provo/UT/84606/113947785/
38,https://www.forsaleutahrealestate.com/homes/431-W-1780-N/Orem/UT/84057/113947861/
39,https://www.forsaleutahrealestate.com/homes/3313-N-100-W/Lehi/UT/84043/113947676/
40,https://www.forsaleutahrealestate.com/homes/1202-S-2910-E/Spanish-Fork/UT/84660/113947625/
41,https://www.forsaleutahrealestate.com/homes/1807-Eaglewood-Dr-W/Saratoga-Springs/UT/84045/113947696/
42,https://www.forsaleutahrealestate.com/homes/2068-E-Ash-Down-Ln/Draper/UT/84020/113947747/
43,https://www.forsaleutahrealestate.com/homes/367-W-800-N/Lindon/UT/84042/113947621/
44,https://www.forsaleutahrealestate.com/homes/10271-N-Honeycut-Cir/Cedar-Hills/UT/84062/113947756/
45,https://www.forsaleutahrealestate.com/homes/935-W-2400-N/Lehi/UT/84043/113947753/
46,https://www.forsaleutahrealestate.com/homes/3313-N-100-W/Lehi/UT/84043/113947676/
47,https://www.forsaleutahrealestate.com/homes/11170-N-5300-W/Highland/UT/84003/113947664/
48,https://www.forsaleutahrealestate.com/homes/34-E-Legacy-Pkwy-S/Saratoga-Springs/UT/84045/113947744/
49,https://www.forsaleutahrealestate.com/homes/665-N-450-E/Orem/UT/84097/113913187/
50,https://www.forsaleutahrealestate.com/homes/665-N-450-E/Orem/UT/84097/113913187/
51,https://www.forsaleutahrealestate.com/homes/2341-E-Hitching-Post-Dr/Eagle-Mountain/UT/84005/113913180/
52,https://www.forsaleutahrealestate.com/homes/12537-N-Angels-Gate/Highland/UT/84003/113913228/
53,https://www.forsaleutahrealestate.com/homes/712-W-900-S/Springville/UT/84663/113913207/
54,https://www.forsaleutahrealestate.com/homes/1067-S-Sandbar-Way/Spanish-Fork/UT/84660/113913240/
55,https://www.forsaleutahrealestate.com/homes/951-W-1000-St-S/Springville/UT/84663/113913237/
56,https://www.forsaleutahrealestate.com/homes/958-N-1100-E/Pleasant-Grove/UT/84062/113913226/
57,https://www.forsaleutahrealestate.com/homes/2186-W-130-S/Mapleton/UT/84664/113908400/
58,https://www.forsaleutahrealestate.com/homes/119-W-Sycamore-Ln-S/Vineyard/UT/84059/113908401/
59,https://www.forsaleutahrealestate.com/homes/171-W-100-S/Springville/UT/84663/113904572/
60,https://www.forsaleutahrealestate.com/homes/171-W-100-S/Springville/UT/84663/113904572/
61,https://www.forsaleutahrealestate.com/homes/638-N-Grove-Dr-E/Alpine/UT/84004/113904573/
62,https://www.forsaleutahrealestate.com/homes/341-N-Main-St/Payson/UT/84651/113901836/
63,https://www.forsaleutahrealestate.com/homes/14728-S-Springtime-Rd/Draper-Ut-Cnty/UT/84020/113896423/
64,https://www.forsaleutahrealestate.com/homes/14702-S-Springtime-Rd/Draper-Ut-Cnty/UT/84020/113896427/
65,https://www.forsaleutahrealestate.com/homes/244-E-Dry-Mountain-Rd/Eagle-Mountain/UT/84005/113896377/
66,https://www.forsaleutahrealestate.com/homes/86-S-Samara-St/Vineyard/UT/84059/113896388/
67,https://www.forsaleutahrealestate.com/homes/156-E-Swasey-Peak-Dr/Eagle-Mountain/UT/84005/113896412/
68,https://www.forsaleutahrealestate.com/homes/212-E-Dry-Moutnain-Rd/Eagle-Mountain/UT/84005/113896390/
69,https://www.forsaleutahrealestate.com/homes/14723-S-Springtime-Rd/Draper-Ut-Cnty/UT/84020/113896458/
70,https://www.forsaleutahrealestate.com/homes/14742-S-Springtime-Rd/Draper-Ut-Cnty/UT/84020/113896418/
71,https://www.forsaleutahrealestate.com/homes/14702-S-Springtime-Rd/Draper-Ut-Cnty/UT/84020/113896427/
72,https://www.forsaleutahrealestate.com/homes/4701-N-Grandview-Peak-Dr/Eagle-Mountain/UT/84005/113896411/
73,https://www.forsaleutahrealestate.com/homes/14686-S-Springtime-Rd/Draper-Ut-Cnty/UT/84020/113896435/
74,https://www.forsaleutahrealestate.com/homes/86-S-Samara-St/Vineyard/UT/84059/113896388/
75,https://www.forsaleutahrealestate.com/homes/192-E-Dry-Mountain-Rd/Eagle-Mountain/UT/84005/113896394/
76,https://www.forsaleutahrealestate.com/homes/4669-N-Grandview-Peak-Dr/Eagle-Mountain/UT/84005/113896401/
77,https://www.forsaleutahrealestate.com/homes/705-S-200-E/Springville/UT/84663/113896392/
78,https://www.forsaleutahrealestate.com/homes/14709-S-Springtime-Rd/Draper-Ut-Cnty/UT/84020/113896447/
79,https://www.forsaleutahrealestate.com/homes/156-E-Swasey-Peak-Dr/Eagle-Mountain/UT/84005/113896412/
80,https://www.forsaleutahrealestate.com/homes/705-S-200-E/Springville/UT/84663/113896392/
81,https://www.forsaleutahrealestate.com/homes/14728-S-Springtime-Rd/Draper-Ut-Cnty/UT/84020/113896423/
82,https://www.forsaleutahrealestate.com/homes/846-N-1350-W/Lehi/UT/84043/113892374/
83,https://www.forsaleutahrealestate.com/homes/410-Scenic-Dr/Spanish-Fork/UT/84660/113892386/
84,https://www.forsaleutahrealestate.com/homes/909-N-18150-WEST-BACK-40/Fairfield/UT/84013/113892378/
85,https://www.forsaleutahrealestate.com/homes/9524-N-4500-W/Cedar-Hills/UT/84062/113892389/
86,https://www.forsaleutahrealestate.com/homes/7124-N-Ute-Dr/Eagle-Mountain/UT/84005/113887129/
87,https://www.forsaleutahrealestate.com/homes/614-S-Jubilee/Saratoga-Springs/UT/84045/113887122/
88,https://www.forsaleutahrealestate.com/homes/Address-Not-Published/Mapleton/UT/84664/113887135/
89,https://www.forsaleutahrealestate.com/homes/9730-N-Dorchester-Dr-W/Cedar-Hills/UT/84062/113884282/
90,https://www.forsaleutahrealestate.com/homes/978-E-430-S/Santaquin/UT/84655/113884287/
91,https://www.forsaleutahrealestate.com/homes/322-S-1400-W/Spanish-Fork/UT/84660/113882015/
92,https://www.forsaleutahrealestate.com/homes/311-E-Seagull-Ln/Saratoga-Springs/UT/84045/113878410/
93,https://www.forsaleutahrealestate.com/homes/265-N-300-W/American-Fork/UT/84003/113877198/
94,https://www.forsaleutahrealestate.com/homes/164-W-Parkside-Loop/Elk-Ridge/UT/84651/113875249/
95,https://www.forsaleutahrealestate.com/homes/247-S-1600-St-W/Provo/UT/84601/113875239/
96,https://www.forsaleutahrealestate.com/homes/95-W-200-S/Santaquin/UT/84655/113860805/
97,https://www.forsaleutahrealestate.com/homes/80-W-Loafer-Dr/Woodland-Hills/UT/84653/113860808/
98,https://www.forsaleutahrealestate.com/homes/409-N-250-W/Vineyard/UT/84059/113859112/
99,https://www.forsaleutahrealestate.com/homes/413-N-250-W/Vineyard/UT/84059/113859117/
100,https://www.forsaleutahrealestate.com/homes/413-N-250-W/Vineyard/UT/84059/113859117/
101,https://www.forsaleutahrealestate.com/homes/1945-E-Handcart-Ln/Spanish-Fork/UT/84660/113859099/
102,https://www.forsaleutahrealestate.com/homes/429-N-250-W/Vineyard/UT/84059/113859118/
103,https://www.forsaleutahrealestate.com/homes/2865-N-4180-W/Lehi/UT/84043/113859107/
104,https://www.forsaleutahrealestate.com/homes/403-N-250-W/Vineyard/UT/84059/113859121/
105,https://www.forsaleutahrealestate.com/homes/407-N-250-W/Vineyard/UT/84059/113859123/
106,https://www.forsaleutahrealestate.com/homes/417-N-250-W/Vineyard/UT/84059/113859127/
107,https://www.forsaleutahrealestate.com/homes/421-N-250-W/Vineyard/UT/84059/113859129/
108,https://www.forsaleutahrealestate.com/homes/427-N-250-W/Vineyard/UT/84059/113859130/
109,https://www.forsaleutahrealestate.com/homes/472-E-Center/Pleasant-Grove/UT/84062/113859105/
110,https://www.forsaleutahrealestate.com/homes/2865-N-4180-W/Lehi/UT/84043/113859107/
111,https://www.forsaleutahrealestate.com/homes/761-W-600-S/Provo/UT/84601/113859096/
112,https://www.forsaleutahrealestate.com/homes/1901-E-Handcart-Ln/Spanish-Fork/UT/84660/113859122/
113,https://www.forsaleutahrealestate.com/homes/781-N-380-W/Vineyard/UT/84059/113859092/
114,https://www.forsaleutahrealestate.com/homes/787-N-380-W/Vineyard/UT/84059/113859098/
115,https://www.forsaleutahrealestate.com/homes/789-N-380-W/Vineyard/UT/84059/113859095/
116,https://www.forsaleutahrealestate.com/homes/779-N-380-W/Vineyard/UT/84059/113856997/
117,https://www.forsaleutahrealestate.com/homes/1622-N-3790-W/Lehi/UT/84043/113856986/
118,https://www.forsaleutahrealestate.com/homes/1628-N-3790-W/Lehi/UT/84043/113856988/
119,https://www.forsaleutahrealestate.com/homes/1634-N-3790-W/Lehi/UT/84043/113856990/
120,https://www.forsaleutahrealestate.com/homes/1634-N-3790-W/Lehi/UT/84043/113856990/
121,https://www.forsaleutahrealestate.com/homes/795-N-380-W/Vineyard/UT/84059/113857002/
122,https://www.forsaleutahrealestate.com/homes/793-N-380-W/Vineyard/UT/84059/113856995/
123,https://www.forsaleutahrealestate.com/homes/773-N-380-W/Vineyard/UT/84059/113857001/
124,https://www.forsaleutahrealestate.com/homes/791-N-380-W/Vineyard/UT/84059/113857007/
125,https://www.forsaleutahrealestate.com/homes/779-N-380-W/Vineyard/UT/84059/113856997/
126,https://www.forsaleutahrealestate.com/homes/1610-N-3790-W/Lehi/UT/84043/113856980/
127,https://www.forsaleutahrealestate.com/homes/1640-N-3790-W/Lehi/UT/84043/113856981/
128,https://www.forsaleutahrealestate.com/homes/1616-N-3790-W/Lehi/UT/84043/113856983/
129,https://www.forsaleutahrealestate.com/homes/1737-W-Little-Willow-Cv-S/Mapleton/UT/84664/113852049/
130,https://www.forsaleutahrealestate.com/homes/361-E-760-N/Orem/UT/84057/113852047/
131,https://www.forsaleutahrealestate.com/homes/1629-W-480-N/Lindon/UT/84042/113852052/
132,https://www.forsaleutahrealestate.com/homes/417-Topaz-Dr/Santaquin/UT/84655/113849535/
133,https://www.forsaleutahrealestate.com/homes/9275-N-Horizon-Dr/Eagle-Mountain/UT/84005/113849542/
134,https://www.forsaleutahrealestate.com/homes/116-S-Canyon-View-Dr/Elk-Ridge/UT/84651/113846599/
135,https://www.forsaleutahrealestate.com/homes/1086-N-1005-W/Orem/UT/84057/113846597/
136,https://www.forsaleutahrealestate.com/homes/359-E-500-S/Provo/UT/84606/113842030/
137,https://www.forsaleutahrealestate.com/homes/3582-Sparrow-Ln-N/Eagle-Mountain/UT/84005/113835549/
138,https://www.forsaleutahrealestate.com/homes/540-N-Monterey-Dr-W/Orem/UT/84057/113831383/
139,https://www.forsaleutahrealestate.com/homes/533-N-290-E/Vineyard/UT/84059/113827293/
140,https://www.forsaleutahrealestate.com/homes/2282-N-Elderberry-Dr-W/Saratoga-Springs/UT/84045/113824500/
141,https://www.forsaleutahrealestate.com/homes/110-Bridger-Cir/Salem/UT/84653/113821393/
142,https://www.forsaleutahrealestate.com/homes/3194-E-1350-S/Spanish-Fork/UT/84660/113821396/
143,https://www.forsaleutahrealestate.com/homes/3186-E-1350-S/Spanish-Fork/UT/84660/113821397/
144,https://www.forsaleutahrealestate.com/homes/3208-E-1350-S/Spanish-Fork/UT/84660/113821398/
145,https://www.forsaleutahrealestate.com/homes/1135-S-780-E/Salem/UT/84653/113813365/
146,https://www.forsaleutahrealestate.com/homes/805-W-2100-N/Provo/UT/84604/113807678/
147,https://www.forsaleutahrealestate.com/homes/3641-S-Garibaldi-Way/Saratoga-Springs/UT/84045/113797846/
148,https://www.forsaleutahrealestate.com/homes/3629-S-Garibaldi-Way/Saratoga-Springs/UT/84045/113797845/
149,https://www.forsaleutahrealestate.com/homes/14600-S-Goshen-Bay-Rd/Goshen/UT/84633/113782853/
150,https://www.forsaleutahrealestate.com/homes/3651-N-100-E/Provo/UT/84604/113782022/
151,https://www.forsaleutahrealestate.com/homes/4297-N-Edgewood-Cir/Provo/UT/84604/113779873/
152,https://www.forsaleutahrealestate.com/homes/1022-E-Quail-Hollow-Ln-N/Alpine/UT/84004/113777229/
153,https://www.forsaleutahrealestate.com/homes/654-W-900-S/Springville/UT/84663/113769108/
154,https://www.forsaleutahrealestate.com/homes/2880-E-Meadows-Dr/Sundance/UT/84604/113761971/
155,https://www.forsaleutahrealestate.com/homes/5147-W-Oak-Grove-Ln-N/Highland/UT/84003/113758615/
156,https://www.forsaleutahrealestate.com/homes/351-E-Marina-Cir/Saratoga-Springs/UT/84045/113756212/
157,https://www.forsaleutahrealestate.com/homes/6286-W-Lone-Rock-Rd/Highland/UT/84003/113749443/
158,https://www.forsaleutahrealestate.com/homes/1313-W-2000-N/Mapleton/UT/84664/113743608/
159,https://www.forsaleutahrealestate.com/homes/1334-N-Strawberry-Ln/Orem/UT/84097/113740746/
160,https://www.forsaleutahrealestate.com/homes/2047-E-1760-S/Spanish-Fork/UT/84660/113737722/
161,https://www.forsaleutahrealestate.com/homes/436-N-High-Ridge-Rd/Saratoga-Springs/UT/84045/113737731/
162,https://www.forsaleutahrealestate.com/homes/2506-N-Timpview-Dr-E/Provo/UT/84604/113714342/
163,https://www.forsaleutahrealestate.com/homes/705-N-400-E/Lehi/UT/84043/113714384/
164,https://www.forsaleutahrealestate.com/homes/13506-N-Oakridge-Dr-E/Alpine/UT/84004/113714361/
165,https://www.forsaleutahrealestate.com/homes/1737-N-1280-E/Payson/UT/84651/113714373/
166,https://www.forsaleutahrealestate.com/homes/3043-E-Canyon-Glen-Loop/Spanish-Fork/UT/84660/113714347/
167,https://www.forsaleutahrealestate.com/homes/328-W-2600-N/Pleasant-Grove/UT/84062/113705997/
168,https://www.forsaleutahrealestate.com/homes/379-N-High-Ridge-Rd/Saratoga-Springs/UT/84045/113706079/
169,https://www.forsaleutahrealestate.com/homes/31-N-100-St-W/Payson/UT/84651/113705957/
170,https://www.forsaleutahrealestate.com/homes/73-W-Seasons-Dr/Vineyard/UT/84058/113694912/
171,https://www.forsaleutahrealestate.com/homes/328-W-2600-N/Pleasant-Grove/UT/84062/113687621/
172,https://www.forsaleutahrealestate.com/homes/158-N-Parkside-Loop/Elk-Ridge/UT/84651/113687610/
173,https://www.forsaleutahrealestate.com/homes/1548-W-Aspen-St/Santaquin/UT/84655/113687379/
174,https://www.forsaleutahrealestate.com/homes/550-E-7650-S/Spanish-Fork/UT/84660/113687474/
175,https://www.forsaleutahrealestate.com/homes/675-S-Mayor-Place-Dr/American-Fork/UT/84003/113687527/
176,https://www.forsaleutahrealestate.com/homes/1668-S-Freestone-Blvd/Santaquin/UT/84655/113687378/
177,https://www.forsaleutahrealestate.com/homes/1235-N-500-E/Pleasant-Grove/UT/84062/113687434/
178,https://www.forsaleutahrealestate.com/homes/285-W-1570-N/Pleasant-Grove/UT/84062/113687470/
179,https://www.forsaleutahrealestate.com/homes/1984-N-Elderberry-Dr-W/Saratoga-Springs/UT/84045/113656117/
180,https://www.forsaleutahrealestate.com/homes/7702-S-3300-W/Spanish-Fork/UT/84660/113641539/
181,https://www.forsaleutahrealestate.com/homes/848-E-Jackson-Ln/Alpine/UT/84004/113637004/
182,https://www.forsaleutahrealestate.com/homes/1673-S-Windemere-Rd/Santaquin/UT/84655/113632417/
183,https://www.forsaleutahrealestate.com/homes/1667-S-Windemere-Rd/Santaquin/UT/84655/113632419/
184,https://www.forsaleutahrealestate.com/homes/1810-W-300-S/Mapleton/UT/84664/113627284/
185,https://www.forsaleutahrealestate.com/homes/1810-W-300-S/Mapleton/UT/84664/113627286/
186,https://www.forsaleutahrealestate.com/homes/1810-W-300-S/Mapleton/UT/84664/113627288/
187,https://www.forsaleutahrealestate.com/homes/16072-S-Fielding-Hill-Ln-E/Draper/UT/84020/113627280/
188,https://www.forsaleutahrealestate.com/homes/301-E-750-N/Lehi/UT/84043/113627285/
189,https://www.forsaleutahrealestate.com/homes/1194-N-680-W/Pleasant-Grove/UT/84062/113627289/
190,https://www.forsaleutahrealestate.com/homes/1134-E-300-N/Alpine/UT/84004/113618794/
191,https://www.forsaleutahrealestate.com/homes/1842-E-200-S/Springville/UT/84663/113618789/
192,https://www.forsaleutahrealestate.com/homes/86-N-University-Ave/Provo/UT/84601/113614784/
193,https://www.forsaleutahrealestate.com/homes/1882-Oak-Ln/Provo/UT/84604/113609244/
194,https://www.forsaleutahrealestate.com/homes/1609-S-Foxberry-Rd/Santaquin/UT/84655/113586963/
195,https://www.forsaleutahrealestate.com/homes/1330-W-900-N/Lehi/UT/84043/113586964/
196,https://www.forsaleutahrealestate.com/homes/1609-S-Foxberry-Rd/Santaquin/UT/84655/113578412/
197,https://www.forsaleutahrealestate.com/homes/555-S-300-E/Pleasant-Grove/UT/84062/113573707/
198,https://www.forsaleutahrealestate.com/homes/1695-S-400-W/Orem/UT/84058/113569343/
199,https://www.forsaleutahrealestate.com/homes/468-S-680-E/American-Fork/UT/84003/113569340/
200,https://www.forsaleutahrealestate.com/homes/1695-S-400-W/Orem/UT/84058/113569343/
201,https://www.forsaleutahrealestate.com/homes/3050-N-Bannock-Dr-E/Provo/UT/84604/113569336/
202,https://www.forsaleutahrealestate.com/homes/476-S-680-E/American-Fork/UT/84003/113567082/
203,https://www.forsaleutahrealestate.com/homes/182-S-1860-W/Provo/UT/84601/113564355/
204,https://www.forsaleutahrealestate.com/homes/1633-N-Oak-Ridge-Cir/Provo/UT/84604/113558423/
205,https://www.forsaleutahrealestate.com/homes/800-S-1700-E/Salem/UT/84653/113553498/
206,https://www.forsaleutahrealestate.com/homes/2563-E-700-S/Springville/UT/84663/113536935/
207,https://www.forsaleutahrealestate.com/homes/471-S-650-E/American-Fork/UT/84003/113536906/
208,https://www.forsaleutahrealestate.com/homes/338-W-2600-N/Pleasant-Grove/UT/84062/113534502/
209,https://www.forsaleutahrealestate.com/homes/2994-E-Lake-Vista-Dr-N/Eagle-Mountain/UT/84005/113531713/
210,https://www.forsaleutahrealestate.com/homes/301-E-750-N/Lehi/UT/84043/113530972/
211,https://www.forsaleutahrealestate.com/homes/1475-W-300-N/Pleasant-Grove/UT/84062/113517219/
212,https://www.forsaleutahrealestate.com/homes/163-S-200-E/Payson/UT/84651/113517217/
213,https://www.forsaleutahrealestate.com/homes/22722-N-13344-E/Fairview/UT/84629/113508836/
214,https://www.forsaleutahrealestate.com/homes/1417-N-Briarwood-Oaks/Provo/UT/84604/113476898/
215,https://www.forsaleutahrealestate.com/homes/4609-W-Harvey-Blvd/Cedar-Hills/UT/84062/113476900/
216,https://www.forsaleutahrealestate.com/homes/4207-North-Autumn-Wood-Cir/Lehi/UT/84043/113471457/
217,https://www.forsaleutahrealestate.com/homes/Address-Not-Published/Springville/UT/84663/113465946/
218,https://www.forsaleutahrealestate.com/homes/8468-N-Orrin-Cir/Eagle-Mountain/UT/84005/113465942/
219,https://www.forsaleutahrealestate.com/homes/174-E-Main-St/Santaquin/UT/84655/113449309/
220,https://www.forsaleutahrealestate.com/homes/655-E-800-S/Orem/UT/84097/113441603/
221,https://www.forsaleutahrealestate.com/homes/1651-Aspen-Grove-Dr/Spanish-Fork/UT/84660/113441613/
222,https://www.forsaleutahrealestate.com/homes/3391-N-175-E/Provo/UT/84604/113434521/
223,https://www.forsaleutahrealestate.com/homes/100-West-Cyn/Cedar-Fort/UT/84013/113427218/
224,https://www.forsaleutahrealestate.com/homes/639-E-Swenson-Ave/Springville/UT/84663/113427222/
225,https://www.forsaleutahrealestate.com/homes/3866-N-Foothill-Dr-E/Provo/UT/84604/113401265/
226,https://www.forsaleutahrealestate.com/homes/Address-Not-Published/Woodland-Hills/UT/84653/113399627/
227,https://www.forsaleutahrealestate.com/homes/5176-N-University-Ave/Provo/UT/84604/113399623/
228,https://www.forsaleutahrealestate.com/homes/10312-N-6900-W/Highland/UT/84003/113392777/
229,https://www.forsaleutahrealestate.com/homes/1219-W-1810-S/Orem/UT/84058/113388041/
230,https://www.forsaleutahrealestate.com/homes/864-E-Jackson-Ln/Alpine/UT/84004/113376058/
231,https://www.forsaleutahrealestate.com/homes/1609-S-Foxberry-Rd/Santaquin/UT/84655/113374226/
232,https://www.forsaleutahrealestate.com/homes/383-E-Robert-Cir-N/Alpine/UT/84004/113372771/
233,https://www.forsaleutahrealestate.com/homes/1259-S-230-E/Spanish-Fork/UT/84660/113364767/
234,https://www.forsaleutahrealestate.com/homes/1105-E-580-N/American-Fork/UT/84003/113348695/
235,https://www.forsaleutahrealestate.com/homes/522-N-1440-W/Pleasant-Grove/UT/84062/113345088/
236,https://www.forsaleutahrealestate.com/homes/872-E-1330-S/Salem/UT/84653/113344679/
237,https://www.forsaleutahrealestate.com/homes/1025-N-300-W/Springville/UT/84663/113323342/
238,https://www.forsaleutahrealestate.com/homes/5832-N-Lake-Mountain-Rd/Eagle-Mountain/UT/84005/113314949/
239,https://www.forsaleutahrealestate.com/homes/550-N-2000-E/Mapleton/UT/84664/113312079/
240,https://www.forsaleutahrealestate.com/homes/3943-N-Foothill-Dr/Provo/UT/84604/113309481/
241,https://www.forsaleutahrealestate.com/homes/1498-W-1970-N/Provo/UT/84604/113292130/
242,https://www.forsaleutahrealestate.com/homes/4150-Dover-Ln-E/Provo/UT/84604/113292138/
243,https://www.forsaleutahrealestate.com/homes/4676-N-Autumn-Dr/Lehi/UT/84043/113282757/
244,https://www.forsaleutahrealestate.com/homes/4416-N-Summer-Dr/Lehi/UT/84043/113282758/
245,https://www.forsaleutahrealestate.com/homes/1044-S-Oak-Leaf-Ln/Springville/UT/84663/113268552/
246,https://www.forsaleutahrealestate.com/homes/543-N-1380-E/Pleasant-Grove/UT/84062/113263972/
247,https://www.forsaleutahrealestate.com/homes/217-N-1900-W/Mapleton/UT/84664/113247856/
248,https://www.forsaleutahrealestate.com/homes/415-E-Mount-Ellen-St/Eagle-Mountain/UT/84005/113241621/
249,https://www.forsaleutahrealestate.com/homes/662-S-Water-Way/Lehi/UT/84043/113213144/
250,https://www.forsaleutahrealestate.com/homes/648-S-Water-Way/Lehi/UT/84043/113213140/
251,https://www.forsaleutahrealestate.com/homes/678-S-Water-Way/Lehi/UT/84043/113213149/
252,https://www.forsaleutahrealestate.com/homes/578-S-Water-Way/Lehi/UT/84043/113210655/
253,https://www.forsaleutahrealestate.com/homes/562-S-Water-Way/Lehi/UT/84043/113210653/
254,https://www.forsaleutahrealestate.com/homes/554-W-Lori-Ln/Saratoga-Springs/UT/84045/113187163/
255,https://www.forsaleutahrealestate.com/homes/683-E-355-N/Vineyard/UT/84059/113139850/
256,https://www.forsaleutahrealestate.com/homes/1639-N-2250-W/Provo/UT/84601/113120103/
257,https://www.forsaleutahrealestate.com/homes/960-N-1600-W/Mapleton/UT/84664/113120089/
258,https://www.forsaleutahrealestate.com/homes/193-E-Heppler-Ln/Saratoga-Springs/UT/84045/113092713/
259,https://www.forsaleutahrealestate.com/homes/207-N-1750-W/Mapleton/UT/84664/113090963/
260,https://www.forsaleutahrealestate.com/homes/920-S-North-View-Cir/Woodland-Hills/UT/84653/113089840/
261,https://www.forsaleutahrealestate.com/homes/250-N-100-W/Provo/UT/84604/113047098/
262,https://www.forsaleutahrealestate.com/homes/Address-Not-Published/Benjamin/UT/84660/113041922/
263,https://www.forsaleutahrealestate.com/homes/9900-N-Meadow-Dr/Cedar-Hills/UT/84062/113039320/
264,https://www.forsaleutahrealestate.com/homes/3713-N-970-E/Provo/UT/84604/113022109/
265,https://www.forsaleutahrealestate.com/homes/Hwy-73/Fairfield/UT/84013/112996903/
266,https://www.forsaleutahrealestate.com/homes/289-S-1000-W/Pleasant-Grove/UT/84062/112994567/
267,https://www.forsaleutahrealestate.com/homes/2000-N-Canyon-Rd-E/Provo/UT/84604/112964936/
268,https://www.forsaleutahrealestate.com/homes/9193-S-4800-W/Payson/UT/84651/112948945/
269,https://www.forsaleutahrealestate.com/homes/1228-S-400-W/Genola/UT/84655/112948948/
270,https://www.forsaleutahrealestate.com/homes/950-S-North-View-Cir/Woodland-Hills/UT/84653/112910226/
271,https://www.forsaleutahrealestate.com/homes/315-W-Maple-St/Mapleton/UT/84664/112804063/
272,https://www.forsaleutahrealestate.com/homes/1254-S-670-W/Salem/UT/84653/112727073/
273,https://www.forsaleutahrealestate.com/homes/715-N-900-W/American-Fork/UT/84003/112709519/
274,https://www.forsaleutahrealestate.com/homes/6246-W-Adonis-Dr/Highland/UT/84003/112694396/
275,https://www.forsaleutahrealestate.com/homes/621-E-430-S/American-Fork/UT/84003/112690663/
276,https://www.forsaleutahrealestate.com/homes/581-W-600-S/Springville/UT/84663/112666461/
277,https://www.forsaleutahrealestate.com/homes/1633-N-300-W/Mapleton/UT/84664/112665759/
278,https://www.forsaleutahrealestate.com/homes/1809-S-2410-E/Spanish-Fork/UT/84660/112648929/
279,https://www.forsaleutahrealestate.com/homes/100-N-Main-St/Payson/UT/84651/112643076/
280,https://www.forsaleutahrealestate.com/homes/Tamarack-Dr/Highland/UT/84003/112613906/
281,https://www.forsaleutahrealestate.com/homes/830-E-1520-S/Salem/UT/84653/112610549/
282,https://www.forsaleutahrealestate.com/homes/3586-E-Rock-Creek-Rd-N/Eagle-Mountain/UT/84005/112607076/
283,https://www.forsaleutahrealestate.com/homes/250-N-100-W/Provo/UT/84604/112605710/
284,https://www.forsaleutahrealestate.com/homes/358-North-County-Blvd/American-Fork/UT/84003/112600152/
285,https://www.forsaleutahrealestate.com/homes/358-North-County-Blvd/American-Fork/UT/84003/112598054/
286,https://www.forsaleutahrealestate.com/homes/358-North-County-Blvd/American-Fork/UT/84003/112598053/
287,https://www.forsaleutahrealestate.com/homes/3153-N-600-E/Lehi/UT/84043/112576029/
288,https://www.forsaleutahrealestate.com/homes/575-N-State-Road-198/Santaquin/UT/84655/112549197/
289,https://www.forsaleutahrealestate.com/homes/6215-W-10400-N/Highland/UT/84003/112501860/
290,https://www.forsaleutahrealestate.com/homes/387-E-Wood-Thrush-Cv/Salem/UT/84653/112482712/
291,https://www.forsaleutahrealestate.com/homes/575-N-State-Road-198/Santaquin/UT/84655/112480276/
292,https://www.forsaleutahrealestate.com/homes/515-E-1100-S/Orem/UT/84097/112473715/
293,https://www.forsaleutahrealestate.com/homes/950-S-North-View-Cir/Woodland-Hills/UT/84653/112414781/
294,https://www.forsaleutahrealestate.com/homes/3013-N-100-W/Provo/UT/84604/112408495/
295,https://www.forsaleutahrealestate.com/homes/3641-Garibaldi-Way-S/Saratoga-Springs/UT/84045/112362203/
296,https://www.forsaleutahrealestate.com/homes/250-N-100-W/Provo/UT/84604/112357076/
297,https://www.forsaleutahrealestate.com/homes/761-S-1030-E/Orem/UT/84097/112345052/
298,https://www.forsaleutahrealestate.com/homes/1955-E-Handcart-Ln/Spanish-Fork/UT/84660/112345049/
299,https://www.forsaleutahrealestate.com/homes/1955-E-Handcart-Ln/Spanish-Fork/UT/84660/112345050/
300,https://www.forsaleutahrealestate.com/homes/314-S-Garden-Grove-Ln-W/Pleasant-Grove/UT/84062/112343901/
301,https://www.forsaleutahrealestate.com/homes/133-E-Cottage-Cove/Saratoga-Springs/UT/84045/112337728/
302,https://www.forsaleutahrealestate.com/homes/435-N-Solidier-Cirlce/Alpine/UT/84004/112335251/
303,https://www.forsaleutahrealestate.com/homes/421-N-Soldier-Cir/Alpine/UT/84004/112332653/
304,https://www.forsaleutahrealestate.com/homes/1657-N-Guardian-Dr/Saratoga-Springs/UT/84045/112318603/
305,https://www.forsaleutahrealestate.com/homes/9870-N-Meadow-Dr/Cedar-Hills/UT/84062/112285671/
306,https://www.forsaleutahrealestate.com/homes/788-N-600-E/Spanish-Fork/UT/84660/112265880/
307,https://www.forsaleutahrealestate.com/homes/3492-S-Meadowlark-Ln/Saratoga-Springs/UT/84045/112250510/
308,https://www.forsaleutahrealestate.com/homes/3511-S-Meadowlark-Ln/Saratoga-Springs/UT/84045/112250502/
309,https://www.forsaleutahrealestate.com/homes/3511-S-Mcgregor-Ln/Saratoga-Springs/UT/84045/112250503/
310,https://www.forsaleutahrealestate.com/homes/3523-S-Mcgregor-Ln/Saratoga-Springs/UT/84045/112250506/
311,https://www.forsaleutahrealestate.com/homes/3521-S-Meadowlark-Ln/Saratoga-Springs/UT/84045/112250507/
312,https://www.forsaleutahrealestate.com/homes/3501-Meadowlark-Ln-S/Saratoga-Springs/UT/84045/112250508/
313,https://www.forsaleutahrealestate.com/homes/3531-S-Meadowlark-Ln/Saratoga-Springs/UT/84045/112250509/
314,https://www.forsaleutahrealestate.com/homes/3492-S-Meadowlark-Ln/Saratoga-Springs/UT/84045/112250510/
315,https://www.forsaleutahrealestate.com/homes/2569-E-Hawk-Dr/Spanish-Fork/UT/84660/112233566/
316,https://www.forsaleutahrealestate.com/homes/1443-E-Box-Elder-Dr/Alpine/UT/84004/112223195/
317,https://www.forsaleutahrealestate.com/homes/250-N-100-W/Provo/UT/84604/112223191/
318,https://www.forsaleutahrealestate.com/homes/9054-S-6200-W/Payson/UT/84651/112221815/
319,https://www.forsaleutahrealestate.com/homes/7447-E-Meadow-Dr/Springville/UT/84663/112197229/
320,https://www.forsaleutahrealestate.com/homes/1003-E-Waterford-Ln/Provo/UT/84604/112195135/
321,https://www.forsaleutahrealestate.com/homes/3163-S-Forest-Ave/Saratoga-Springs/UT/84045/112174039/
322,https://www.forsaleutahrealestate.com/homes/8577-S-State-Rd/Spanish-Fork/UT/84660/112083391/
323,https://www.forsaleutahrealestate.com/homes/4884-W-11000-N/Highland/UT/84003/112039214/
324,https://www.forsaleutahrealestate.com/homes/667-N-2560-E/Spanish-Fork/UT/84660/112009862/
325,https://www.forsaleutahrealestate.com/homes/886-W-2600-N/Pleasant-Grove/UT/84062/112004925/
326,https://www.forsaleutahrealestate.com/homes/1400-W-700-N/Lindon/UT/84042/111997577/
327,https://www.forsaleutahrealestate.com/homes/3762-E-Cunninghill-Dr/Eagle-Mountain/UT/84005/111997570/
328,https://www.forsaleutahrealestate.com/homes/8272-E-Left-Fork-Hobble-Rd/Springville/UT/84663/111976835/
329,https://www.forsaleutahrealestate.com/homes/176-W-Valley-View-Way/Woodland-Hills/UT/84653/111969522/
330,https://www.forsaleutahrealestate.com/homes/3306-S-Mapleton-Estates-Dr-Dr/Mapleton/UT/84664/111940050/
331,https://www.forsaleutahrealestate.com/homes/838-E-1330-S/Salem/UT/84653/111937323/
332,https://www.forsaleutahrealestate.com/homes/700-W-1900-N/Spanish-Fork/UT/84660/111919866/
333,https://www.forsaleutahrealestate.com/homes/984-E-Sunburst-Ln/Alpine/UT/84004/111879621/
334,https://www.forsaleutahrealestate.com/homes/1351-S-570-W/Provo/UT/84601/111822494/
335,https://www.forsaleutahrealestate.com/homes/1000-N-State-St/Orem/UT/84057/111819444/
336,https://www.forsaleutahrealestate.com/homes/591-N-Pfeifferhorn-Dr-W/Alpine/UT/84004/111752638/
337,https://www.forsaleutahrealestate.com/homes/343-N-1340-E/Provo/UT/84606/111744868/
338,https://www.forsaleutahrealestate.com/homes/1172-E-Highway-6/Payson/UT/84651/111744873/
339,https://www.forsaleutahrealestate.com/homes/2660-E-Alpine-Loop-Rd/Sundance/UT/84604/111740590/
340,https://www.forsaleutahrealestate.com/homes/1768-W-300-S/Mapleton/UT/84664/111664815/
341,https://www.forsaleutahrealestate.com/homes/1768-W-300-S/Mapleton/UT/84664/111664790/
342,https://www.forsaleutahrealestate.com/homes/1955-E-Handcart-Ln/Spanish-Fork/UT/84660/111588294/
343,https://www.forsaleutahrealestate.com/homes/7500-S-Highway-89/Mapleton/UT/84664/111562790/
344,https://www.forsaleutahrealestate.com/homes/871-W-Lakeview-Dr/Alpine/UT/84004/111558810/
345,https://www.forsaleutahrealestate.com/homes/3047-Stewart-Rd/Sundance/UT/84604/111556907/
346,https://www.forsaleutahrealestate.com/homes/812-W-Lakeview-Dr/Alpine/UT/84004/111556920/
347,https://www.forsaleutahrealestate.com/homes/350-S-460-E/American-Fork/UT/84003/111546650/
348,https://www.forsaleutahrealestate.com/homes/1010-Bear-Hollow-Dr/Woodland-Hills/UT/84653/111505456/
349,https://www.forsaleutahrealestate.com/homes/266-W-100-S/Santaquin/UT/84655/111491690/
350,https://www.forsaleutahrealestate.com/homes/667-N-2560-E/Spanish-Fork/UT/84660/111461354/
351,https://www.forsaleutahrealestate.com/homes/667-N-2560-E/Spanish-Fork/UT/84660/111458736/
352,https://www.forsaleutahrealestate.com/homes/5310-S-3200-W/Spanish-Fork/UT/84660/111436890/
353,https://www.forsaleutahrealestate.com/homes/5310-S-3200-W/Spanish-Fork/UT/84660/111436885/
354,https://www.forsaleutahrealestate.com/homes/125-Isreal-Cyn/Saratoga-Springs/UT/84045/111426989/
355,https://www.forsaleutahrealestate.com/homes/1000-S-Goosenest-Dr-W/Payson/UT/84651/111390080/
356,https://www.forsaleutahrealestate.com/homes/727-E-Sunflower-S/Salem/UT/84653/111355874/
357,https://www.forsaleutahrealestate.com/homes/238-E-630-N/Vineyard/UT/84058/111275964/
358,https://www.forsaleutahrealestate.com/homes/1108-E-1500-S/Orem/UT/84097/111275933/
359,https://www.forsaleutahrealestate.com/homes/173-E-630-N/Vineyard/UT/84059/111275971/
360,https://www.forsaleutahrealestate.com/homes/1108-E-1500-S/Orem/UT/84097/111275933/
361,https://www.forsaleutahrealestate.com/homes/674-N-250-E/Vineyard/UT/84059/111275966/
362,https://www.forsaleutahrealestate.com/homes/688-N-250-E/Vineyard/UT/84059/111275967/
363,https://www.forsaleutahrealestate.com/homes/238-E-630-N/Vineyard/UT/84058/111275964/
364,https://www.forsaleutahrealestate.com/homes/172-E-700-N/Vineyard/UT/84059/111275969/
365,https://www.forsaleutahrealestate.com/homes/691-N-250-E/Vineyard/UT/84059/111275968/
366,https://www.forsaleutahrealestate.com/homes/983-N-860-W/American-Fork/UT/84003/111265406/
367,https://www.forsaleutahrealestate.com/homes/107-S-Salem-Canal-Rd/Salem/UT/84653/111230934/
368,https://www.forsaleutahrealestate.com/homes/105-S-Salem-Canal-Rd/Salem/UT/84653/111228646/
369,https://www.forsaleutahrealestate.com/homes/287-E-Heritage-Hills-Dr/Alpine/UT/84004/111201647/
370,https://www.forsaleutahrealestate.com/homes/1955-E-Handcart-Ln/Spanish-Fork/UT/84660/111195348/
371,https://www.forsaleutahrealestate.com/homes/2356-S-Alaska-Ave/Provo/UT/84606/111175419/
372,https://www.forsaleutahrealestate.com/homes/2583-E-830-N/Spanish-Fork/UT/84660/111161984/
373,https://www.forsaleutahrealestate.com/homes/Address-Not-Published/American-Fork/UT/84003/111162003/
374,https://www.forsaleutahrealestate.com/homes/1196-N-State-St/Orem/UT/84057/111152750/
375,https://www.forsaleutahrealestate.com/homes/1196-N-State-St/Orem/UT/84057/111152777/
376,https://www.forsaleutahrealestate.com/homes/492-S-1000-St-W/Orem/UT/84058/111152748/
377,https://www.forsaleutahrealestate.com/homes/3548-E-1800-S/Spanish-Fork/UT/84660/111128343/
378,https://www.forsaleutahrealestate.com/homes/318-S-Main-St/Mapleton/UT/84664/111113254/
379,https://www.forsaleutahrealestate.com/homes/965-S-Northview-Cir/Woodland-Hills/UT/84653/111059052/
380,https://www.forsaleutahrealestate.com/homes/1955-E-Handcart-Ln/Spanish-Fork/UT/84660/111023191/
381,https://www.forsaleutahrealestate.com/homes/1254-E-300-N/American-Fork/UT/84003/111015447/
382,https://www.forsaleutahrealestate.com/homes/250-S-Main/Alpine/UT/84004/110887934/
383,https://www.forsaleutahrealestate.com/homes/250-S-Main/Alpine/UT/84004/110887935/
384,https://www.forsaleutahrealestate.com/homes/250-S-Main/Alpine/UT/84004/110887936/
385,https://www.forsaleutahrealestate.com/homes/250-S-Main/Alpine/UT/84004/110887933/
386,https://www.forsaleutahrealestate.com/homes/406-W-Starhaven-Dr-N/Saratoga-Springs/UT/84045/110817566/
387,https://www.forsaleutahrealestate.com/homes/930-S-North-View-Cir/Woodland-Hills/UT/84653/110798975/
388,https://www.forsaleutahrealestate.com/homes/175-W-Canyon-Rd/Alpine/UT/84004/110793976/
389,https://www.forsaleutahrealestate.com/homes/92-W-Salem-Hills-Dr/Elk-Ridge/UT/84651/110793946/
390,https://www.forsaleutahrealestate.com/homes/9267-N-Mile-23-Ln/Sundance/UT/84604/110754312/
391,https://www.forsaleutahrealestate.com/homes/414-W-Starhaven-Dr-N/Saratoga-Springs/UT/84045/110745283/
392,https://www.forsaleutahrealestate.com/homes/3772-E-Cunninghill-Dr/Eagle-Mountain/UT/84005/110723231/
393,https://www.forsaleutahrealestate.com/homes/1445-N-600-St-W/Pleasant-Grove/UT/84062/110687156/
394,https://www.forsaleutahrealestate.com/homes/981-E-Scenic-Dr-S/Spanish-Fork/UT/84660/110687154/
395,https://www.forsaleutahrealestate.com/homes/4301-N-Stone-Creek-Ln/Provo/UT/84604/110665188/
396,https://www.forsaleutahrealestate.com/homes/193-W-4800-N/Provo/UT/84604/110651888/
397,https://www.forsaleutahrealestate.com/homes/2425-W-8400-S/Spanish-Fork/UT/84660/110641920/
398,https://www.forsaleutahrealestate.com/homes/533-N-Left-Fork-Hobble-Creek-Cyn/Springville/UT/84663/110630307/
399,https://www.forsaleutahrealestate.com/homes/533-N-Left-Fork-Hobble-Creek-Cyn/Springville/UT/84663/110626319/
400,https://www.forsaleutahrealestate.com/homes/335-S-Summit-Creek-Dr-W/Woodland-Hills/UT/84653/110597998/
401,https://www.forsaleutahrealestate.com/homes/3672-E-Barton-Creek-Dr/Eagle-Mountain/UT/84005/110594356/
402,https://www.forsaleutahrealestate.com/homes/5004-S-River-Ln/Spanish-Fork/UT/84660/110519622/
403,https://www.forsaleutahrealestate.com/homes/544-N-800-E/Provo/UT/84606/110515417/
404,https://www.forsaleutahrealestate.com/homes/301-E-4900-N/Provo/UT/84604/110489765/
405,https://www.forsaleutahrealestate.com/homes/142-N-Santa-Fe-Dr/Mapleton/UT/84664/110371951/
406,https://www.forsaleutahrealestate.com/homes/952-N-1000-W/Provo/UT/84604/110365993/
407,https://www.forsaleutahrealestate.com/homes/387-W-Spring-Meadows-Cv/Alpine/UT/84004/110354977/
408,https://www.forsaleutahrealestate.com/homes/670-S-Oak-Dr/Woodland-Hills/UT/84653/110341789/
409,https://www.forsaleutahrealestate.com/homes/1429-E-400-N/Spanish-Fork/UT/84660/110292032/
410,https://www.forsaleutahrealestate.com/homes/2464-N-Three-Falls-Dr/Alpine/UT/84004/110254087/
411,https://www.forsaleutahrealestate.com/homes/1757-N-1590-W/Provo/UT/84604/110221907/
412,https://www.forsaleutahrealestate.com/homes/6754-S-4000-W/Spanish-Fork/UT/84660/110080910/
413,https://www.forsaleutahrealestate.com/homes/4375-N-Stonecreek-Ln/Provo/UT/84604/110046031/
414,https://www.forsaleutahrealestate.com/homes/4785-N-Brentwood-Cir-E/Provo/UT/84604/110038693/
415,https://www.forsaleutahrealestate.com/homes/174-S-Pleasant-Grove-Blvd/Pleasant-Grove/UT/84062/110011697/
416,https://www.forsaleutahrealestate.com/homes/1060-Turf-Farm-Rd/Payson/UT/84651/110004757/
417,https://www.forsaleutahrealestate.com/homes/1060-Turf-Farm-Rd/Payson/UT/84651/110004758/
418,https://www.forsaleutahrealestate.com/homes/667-N-2560-E/Spanish-Fork/UT/84660/110004732/
419,https://www.forsaleutahrealestate.com/homes/1060-Turf-Farm-Rd/Payson/UT/84651/110004759/
420,https://www.forsaleutahrealestate.com/homes/1060-Turf-Farm-Rd/Payson/UT/84651/110001562/
421,https://www.forsaleutahrealestate.com/homes/667-N-2560-E/Spanish-Fork/UT/84660/110001559/
422,https://www.forsaleutahrealestate.com/homes/1060-Turf-Farm-Rd/Payson/UT/84651/110001563/
423,https://www.forsaleutahrealestate.com/homes/1060-Turf-Farm-Rd/Payson/UT/84651/110001564/
424,https://www.forsaleutahrealestate.com/homes/6700-S-West-Lincoln-Beach-Rd-W/Spanish-Fork/UT/84660/109840870/
425,https://www.forsaleutahrealestate.com/homes/41-N-400-W/Payson/UT/84651/109727633/
426,https://www.forsaleutahrealestate.com/homes/1720-S-Hillcrest-Cir-W/Mapleton/UT/84664/109680727/
427,https://www.forsaleutahrealestate.com/homes/95-W-Canyon-Crest-Rd-Rd/Alpine/UT/84004/109638746/
428,https://www.forsaleutahrealestate.com/homes/Address-Not-Published/Spanish-Fork/UT/84660/109618549/
429,https://www.forsaleutahrealestate.com/homes/Address-Not-Published/Spanish-Fork/UT/84660/109618548/
430,https://www.forsaleutahrealestate.com/homes/1600-N-1750-W/Springville/UT/84663/109590714/
431,https://www.forsaleutahrealestate.com/homes/350-S-1200-E/Alpine/UT/84004/109587532/
432,https://www.forsaleutahrealestate.com/homes/26-N-E-Spring-Mountain-Dr-E/Springville/UT/84663/109544440/
433,https://www.forsaleutahrealestate.com/homes/4357-N-Summer-View-Dr-Dr/Lehi/UT/84043/109372218/
434,https://www.forsaleutahrealestate.com/homes/1378-W-Summer-View-Circle-Dr/Lehi/UT/84043/109369785/
435,https://www.forsaleutahrealestate.com/homes/1408-W-Summer-View-Dr/Lehi/UT/84043/109369788/
436,https://www.forsaleutahrealestate.com/homes/4345-W-Summer-View-Dr-Dr/Lehi/UT/84043/109369791/
437,https://www.forsaleutahrealestate.com/homes/4498-N-Summer-View-Dr/Lehi/UT/84043/109369781/
438,https://www.forsaleutahrealestate.com/homes/4479-N-Summer-View-Dr/Lehi/UT/84043/109369784/
439,https://www.forsaleutahrealestate.com/homes/4544-N-Summer-View-Dr-Dr/Lehi/UT/84043/109367067/
440,https://www.forsaleutahrealestate.com/homes/4523-N-Summer-View-Dr/Lehi/UT/84043/109363987/
441,https://www.forsaleutahrealestate.com/homes/4555-N-Summer-View-Dr/Lehi/UT/84043/109363979/
442,https://www.forsaleutahrealestate.com/homes/4505-N-Summer-View-Dr/Lehi/UT/84043/109363989/
443,https://www.forsaleutahrealestate.com/homes/4572-N-Summer-View-Dr/Lehi/UT/84043/109361136/
444,https://www.forsaleutahrealestate.com/homes/4586-N-Summer-View-Dr/Lehi/UT/84043/109361138/
445,https://www.forsaleutahrealestate.com/homes/4558-N-Summer-View-Dr/Lehi/UT/84043/109361130/
446,https://www.forsaleutahrealestate.com/homes/4530-N-Summer-View-Dr-Dr/Lehi/UT/84043/109361125/
447,https://www.forsaleutahrealestate.com/homes/5029-N-Lake-Mountain-Rd-E/Eagle-Mountain/UT/84005/109242518/
448,https://www.forsaleutahrealestate.com/homes/4478-N-Summer-View-Dr/Lehi/UT/84043/109204749/
449,https://www.forsaleutahrealestate.com/homes/1336-W-Summer-View-Dr-Dr/Lehi/UT/84043/109202029/
450,https://www.forsaleutahrealestate.com/homes/4428-N-Summer-View-Dr/Lehi/UT/84043/109202059/
451,https://www.forsaleutahrealestate.com/homes/4362-N-Summer-View-Dr-Dr/Lehi/UT/84043/109202047/
452,https://www.forsaleutahrealestate.com/homes/1288-W-Summer-View-Dr/Lehi/UT/84043/109202013/
453,https://www.forsaleutahrealestate.com/homes/1272-W-Summer-View-Dr/Lehi/UT/84043/109198884/
454,https://www.forsaleutahrealestate.com/homes/1102-W-465-N/Orem/UT/84057/109171540/
455,https://www.forsaleutahrealestate.com/homes/1142-W-1320-S/Payson/UT/84651/108923794/
456,https://www.forsaleutahrealestate.com/homes/1351-S-1130-W/Payson/UT/84651/108923796/
457,https://www.forsaleutahrealestate.com/homes/1316-S-1150-W/Payson/UT/84651/108923791/
458,https://www.forsaleutahrealestate.com/homes/405-S-100-E/Pleasant-Grove/UT/84062/108875290/
459,https://www.forsaleutahrealestate.com/homes/4906-N-Vialetto-Way/Lehi/UT/84043/108767051/
460,https://www.forsaleutahrealestate.com/homes/10121-N-6960-W/Highland/UT/84003/108761263/
461,https://www.forsaleutahrealestate.com/homes/1709-S-Geneva-Rd/Orem/UT/84058/108629559/
462,https://www.forsaleutahrealestate.com/homes/1996-S-Centennial-Blvd/Saratoga-Springs/UT/84045/108588475/
463,https://www.forsaleutahrealestate.com/homes/Address-Not-Published/Springville/UT/84663/108576717/
464,https://www.forsaleutahrealestate.com/homes/Address-Not-Published/Springville/UT/84663/108576718/
465,https://www.forsaleutahrealestate.com/homes/9479-S-Alpine-Loop-E/Sundance/UT/84604/108501812/
466,https://www.forsaleutahrealestate.com/homes/8051-N-8730-W/Lehi/UT/84043/108393861/
467,https://www.forsaleutahrealestate.com/homes/9434-S-3200-W/Payson/UT/84651/108362321/
468,https://www.forsaleutahrealestate.com/homes/74-W-Three-Falls-Ridge/Alpine/UT/84004/108266660/
469,https://www.forsaleutahrealestate.com/homes/Address-Not-Published/Salem/UT/84653/108173501/
470,https://www.forsaleutahrealestate.com/homes/914-S-Aspen-Cir/Woodland-Hills/UT/84653/108160030/
471,https://www.forsaleutahrealestate.com/homes/5876-W-11350-N/Highland/UT/84003/108094932/
472,https://www.forsaleutahrealestate.com/homes/604-W-Winter-Way-S/Woodland-Hills/UT/84653/107951207/
473,https://www.forsaleutahrealestate.com/homes/668-S-Summit-Creek-Dr/Woodland-Hills/UT/84653/107946951/
474,https://www.forsaleutahrealestate.com/homes/706-S-Nebo-Cir/Woodland-Hills/UT/84653/107945230/
475,https://www.forsaleutahrealestate.com/homes/8800-N-Mandan-Rd/Sundance/UT/84604/107647475/
476,https://www.forsaleutahrealestate.com/homes/2727-W-110-N/Lehi/UT/84043/107624820/
477,https://www.forsaleutahrealestate.com/homes/941-S-Summit-Creek-Dr/Woodland-Hills/UT/84653/107621162/
478,https://www.forsaleutahrealestate.com/homes/897-S-Summit-Creek-Dr/Woodland-Hills/UT/84653/107589248/
479,https://www.forsaleutahrealestate.com/homes/826-S-Summit-Creek-Dr/Woodland-Hills/UT/84653/107586950/
480,https://www.forsaleutahrealestate.com/homes/695-S-Nebo-Cir/Woodland-Hills/UT/84653/107584054/
481,https://www.forsaleutahrealestate.com/homes/366-River-Rd-S/Alpine/UT/84004/107523359/
482,https://www.forsaleutahrealestate.com/homes/6755-W-9770-N/Highland/UT/84003/107503918/
483,https://www.forsaleutahrealestate.com/homes/23-N-800-W/Mapleton/UT/84664/107495986/
484,https://www.forsaleutahrealestate.com/homes/3709-E-Campus-Drive-Dr/Eagle-Mountain/UT/84005/107343756/
485,https://www.forsaleutahrealestate.com/homes/3189-E-Canyon-Rd/Springville/UT/84663/107332499/
486,https://www.forsaleutahrealestate.com/homes/500-N-2600-W/Springville/UT/84663/107329615/
487,https://www.forsaleutahrealestate.com/homes/13500-S-Hwy-89/Spanish-Fork/UT/84660/107116930/
488,https://www.forsaleutahrealestate.com/homes/310-W-State-Road-198/Salem/UT/84653/107116933/
489,https://www.forsaleutahrealestate.com/homes/1254-N-00-St-E/Eagle-Mountain/UT/84013/107110561/
490,https://www.forsaleutahrealestate.com/homes/286-E-930-S/Orem/UT/84058/106751435/
491,https://www.forsaleutahrealestate.com/homes/Address-Not-Published/Genola/UT/84655/106731902/
492,https://www.forsaleutahrealestate.com/homes/1816-Oakridge-Dr/Lehi/UT/84043/106632024/
493,https://www.forsaleutahrealestate.com/homes/194-W-450-S/Orem/UT/84058/106367576/
494,https://www.forsaleutahrealestate.com/homes/488-S-150-W/Orem/UT/84058/106365280/
495,https://www.forsaleutahrealestate.com/homes/521-S-150-W/Orem/UT/84058/106350966/
496,https://www.forsaleutahrealestate.com/homes/710-W-State-Rd-198/Salem/UT/84653/106199850/
497,https://www.forsaleutahrealestate.com/homes/314-S-Garden-Grove-Ln-W/Pleasant-Grove/UT/84062/105998884/
498,https://www.forsaleutahrealestate.com/homes/2400-W-600-S/Spanish-Fork/UT/84660/105832030/
499,https://www.forsaleutahrealestate.com/homes/11400-N-Alpine-Hwy/Highland/UT/84003/105799388/
500,https://www.forsaleutahrealestate.com/homes/4324-N-Summer-View-Dr/Lehi/UT/84043/105697379/
501,https://www.forsaleutahrealestate.com/homes/987-E-Waterford-Ln/Provo/UT/84604/105688003/
502,https://www.forsaleutahrealestate.com/homes/685-W-700-S/Orem/UT/84057/105473865/
503,https://www.forsaleutahrealestate.com/homes/750-W-1900-N/Spanish-Fork/UT/84660/105354130/
504,https://www.forsaleutahrealestate.com/homes/760-W-1900-N/Spanish-Fork/UT/84660/105354131/
505,https://www.forsaleutahrealestate.com/homes/3431-N-Cottonwood-Ln/Provo/UT/84604/105286071/
506,https://www.forsaleutahrealestate.com/homes/560-W-State-Rd/Pleasant-Grove/UT/84062/105261970/
507,https://www.forsaleutahrealestate.com/homes/238-S-Hobble-Creek-Canyon-Rd-E/Springville/UT/84663/105254607/
508,https://www.forsaleutahrealestate.com/homes/3060-Deer-Run-Rd/Sundance/UT/84604/105225726/
509,https://www.forsaleutahrealestate.com/homes/1400-W-700-N/Lindon/UT/84042/105073119/
510,https://www.forsaleutahrealestate.com/homes/1400-W-700-N/Lindon/UT/84042/105073120/
511,https://www.forsaleutahrealestate.com/homes/1400-W-700-N/Lindon/UT/84042/105073121/
512,https://www.forsaleutahrealestate.com/homes/1400-W-700-N/Lindon/UT/84042/105073122/
513,https://www.forsaleutahrealestate.com/homes/1400-W-700-N/Lindon/UT/84042/105073123/
514,https://www.forsaleutahrealestate.com/homes/1400-W-700-N/Lindon/UT/84042/105073124/
515,https://www.forsaleutahrealestate.com/homes/1400-W-700-N/Lindon/UT/84042/105073125/
516,https://www.forsaleutahrealestate.com/homes/1400-W-700-N/Lindon/UT/84042/105073126/
517,https://www.forsaleutahrealestate.com/homes/1400-W-700-N/Lindon/UT/84042/105073128/
518,https://www.forsaleutahrealestate.com/homes/1400-W-700-N/Lindon/UT/84042/105073129/
519,https://www.forsaleutahrealestate.com/homes/1323-S-Cedar-Pass-Dr/Santaquin/UT/84655/105071963/
520,https://www.forsaleutahrealestate.com/homes/1600-W-8000-S/Salem/UT/84653/105068789/
521,https://www.forsaleutahrealestate.com/homes/359-W-Center-St/Genola/UT/84655/105068791/
522,https://www.forsaleutahrealestate.com/homes/163-S-Mahogany-Way/Elk-Ridge/UT/84651/105030177/
523,https://www.forsaleutahrealestate.com/homes/2323-N-Three-Falls-Way/Alpine/UT/84004/105026592/
524,https://www.forsaleutahrealestate.com/homes/238-Hobble-Creek-Canyon-Rd/Springville/UT/84663/104514820/
525,https://www.forsaleutahrealestate.com/homes/886-E-70-S/Salem/UT/84653/104404822/
526,https://www.forsaleutahrealestate.com/homes/95-S-850-E/Salem/UT/84653/104404827/
527,https://www.forsaleutahrealestate.com/homes/2210-N-Three-Falls-Way/Alpine/UT/84004/104359139/
528,https://www.forsaleutahrealestate.com/homes/9950-N-Saratoga-Rd/Saratoga-Springs/UT/84043/104343851/
529,https://www.forsaleutahrealestate.com/homes/247-N-100-ST-E/Orem/UT/84057/104328347/
530,https://www.forsaleutahrealestate.com/homes/1655-W-Morning-View-Way/Lehi/UT/84043/104207646/
531,https://www.forsaleutahrealestate.com/homes/1193-Fairfield-Rd-W/Saratoga-Springs/UT/84045/104109686/
532,https://www.forsaleutahrealestate.com/homes/280-N-Utah-County-Blvd-E/American-Fork/UT/84003/104069044/
533,https://www.forsaleutahrealestate.com/homes/315-S-Summit-Creek-Dr/Woodland-Hills/UT/84653/104037368/
534,https://www.forsaleutahrealestate.com/homes/1546-W-800-S/Payson/UT/84651/104026057/
535,https://www.forsaleutahrealestate.com/homes/10058-N-6000-W/Highland/UT/84003/103957925/
536,https://www.forsaleutahrealestate.com/homes/217-S-2000-W/Pleasant-Grove/UT/84062/103415072/
537,https://www.forsaleutahrealestate.com/homes/692-S-Nebo-Cir/Woodland-Hills/UT/84653/102841616/
538,https://www.forsaleutahrealestate.com/homes/1020-S-1100-W/Lehi/UT/84043/102356551/
539,https://www.forsaleutahrealestate.com/homes/1055-N-300-W/Provo/UT/84604/102320055/
540,https://www.forsaleutahrealestate.com/homes/1055-N-300-W/Provo/UT/84604/102320056/
541,https://www.forsaleutahrealestate.com/homes/Address-Not-Published/Springville/UT/84663/102203926/
542,https://www.forsaleutahrealestate.com/homes/4601-N-Foothill-Dr/Provo/UT/84604/102174408/
543,https://www.forsaleutahrealestate.com/homes/411-N-400-W/Springville/UT/84663/101847155/
544,https://www.forsaleutahrealestate.com/homes/650-S-North-Utah-County-Blvd-W/Pleasant-Grove/UT/84062/101836767/
545,https://www.forsaleutahrealestate.com/homes/600-S-North-Utah-County-Blvd-W/Pleasant-Grove/UT/84062/101836768/
546,https://www.forsaleutahrealestate.com/homes/680-S-North-Utah-County-Blvd-W/Pleasant-Grove/UT/84062/101834924/
547,https://www.forsaleutahrealestate.com/homes/0-S-Digital-Dr-W/Lehi/UT/84043/101162717/
548,https://www.forsaleutahrealestate.com/homes/744-S-State-St/Orem/UT/84058/100356645/
549,https://www.forsaleutahrealestate.com/homes/7447-E-Meadow-Dr/Springville/UT/84663/100306895/
550,https://www.forsaleutahrealestate.com/homes/2653-E-Canyon-Edge-Dr-S/Draper-Ut-Cnty/UT/84020/98333419/
551,https://www.forsaleutahrealestate.com/homes/14577-S-Canyon-Edge-Cir/Draper-Ut-Cnty/UT/84020/98333420/
552,https://www.forsaleutahrealestate.com/homes/14732-S-Shortcut-Dr-E/Draper-Ut-Cnty/UT/84020/98332266/
553,https://www.forsaleutahrealestate.com/homes/14651-S-Canyon-Peak-Dr/Draper-Ut-Cnty/UT/84020/98332264/
554,https://www.forsaleutahrealestate.com/homes/14677-S-Canyon-Pointe-Rd-E/Draper-Ut-Cnty/UT/84020/98330994/
555,https://www.forsaleutahrealestate.com/homes/820-W-Columbia-Ln-N/Provo/UT/84604/97651140/
556,https://www.forsaleutahrealestate.com/homes/Address-Not-Published/Indianola/UT/84629/96953960/
557,https://www.forsaleutahrealestate.com/homes/2000-N-COUNTY-BLVD-St-W/Pleasant-Grove/UT/84062/94808903/
558,https://www.forsaleutahrealestate.com/homes/Address-Not-Published/Pleasant-Grove/UT/84062/94808904/
559,https://www.forsaleutahrealestate.com/homes/3150-W-4400-S/Lake-Shore/UT/84660/93671247/
560,https://www.forsaleutahrealestate.com/homes/1900-W-200-S/Lindon/UT/84042/93197424/
561,https://www.forsaleutahrealestate.com/homes/29-S-2000-W/Pleasant-Grove/UT/84062/89563465/
562,https://www.forsaleutahrealestate.com/homes/4235-N-Stone-Crossing/Provo/UT/84604/88702056/
563,https://www.forsaleutahrealestate.com/homes/4222-N-Stone-Xing/Provo/UT/84604/88702064/
564,https://www.forsaleutahrealestate.com/homes/4223-N-Stone-Crossing/Provo/UT/84604/88698892/
565,https://www.forsaleutahrealestate.com/homes/489-S-500-St-E/Provo/UT/84606/86925591/
566,https://www.forsaleutahrealestate.com/homes/Address-Not-Published/Goshen/UT/84633/86396869/
567,https://www.forsaleutahrealestate.com/homes/11079-W-Hwy-6-S/Goshen/UT/84633/83246037/
